AuthCount	author	affiliation
30	Rieseberg, Loren H.	University of British Columbia
28	Otto, Sarah P.	University of British Columbia
21	Arcese, Peter	University of British Columbia
16	Schluter, Dolph	University of British Columbia
14	Irwin, Darren E.	University of British Columbia
14	Russello, Michael A.	University of British Columbia
14	Whitlock, Michael C.	University of British Columbia
12	Srivastava, Diane S.	University of British Columbia
11	Maddison, Wayne P.	University of British Columbia
9	Taylor, Eric B.	University of British Columbia
8	Cronk, Quentin C. B.	University of British Columbia
8	El-Kassaby, Yousry A.	University of British Columbia
8	Martin, Kathy	University of British Columbia
7	Aitken, Sally N.	University of British Columbia
7	Schulte, Patricia M.	University of British Columbia
7	Veen, Thor	University of British Columbia
6	Andrew, Rose L.	University of British Columbia
6	Angert, Amy L.	University of British Columbia
6	Douglas, Carl J.	University of British Columbia
6	Débarre, Florence	University of British Columbia
6	Geraldes, Armando	University of British Columbia
6	Hamelin, Richard C.	University of British Columbia
6	Keeling, Patrick J.	University of British Columbia
6	Richards, Jeffrey G.	University of British Columbia
6	Yeaman, Sam	University of British Columbia
5	Gilbert, Kimberly J.	University of British Columbia
5	Graham, Sean W.	University of British Columbia
5	Guy, Robert D.	University of British Columbia
5	Heavyside, Julian	University of British Columbia
5	Kane, Nolan C.	University of British Columbia
5	Muir, Christopher D.	University of British Columbia
5	Renaut, Sébastien	University of British Columbia
5	Rennison, Diana J.	University of British Columbia
5	Richardson, John S.	University of British Columbia
5	Russello, Michael	University of British Columbia
5	Toews, David P. L.	University of British Columbia
5	Trites, Andrew W.	University of British Columbia
5	Williams, Jennifer L.	University of British Columbia
4	Alcaide, Miguel	University of British Columbia
4	Bock, Dan G.	University of British Columbia
4	Cheung, William W. L.	University of British Columbia
4	Cronk, Quentin C.B.	University of British Columbia
4	Crutsinger, Gregory M.	University of British Columbia
4	Delmore, Kira E.	University of British Columbia
4	Granados, Alys	University of British Columbia
4	Grassa, Christopher J.	University of British Columbia
4	Hefer, Charles A.	University of British Columbia
4	Huang, Daisie I.	University of British Columbia
4	Jensen, Evelyn L.	University of British Columbia
4	Kingstone, Alan	University of British Columbia
4	Lotterhos, Katie E.	University of British Columbia
4	Moyers, Brook T.	University of British Columbia
4	O'Connor, Mary I.	University of British Columbia
4	Owens, Gregory L.	University of British Columbia
4	Rudman, Seth M.	University of British Columbia
4	Thomas, Austen C.	University of British Columbia
4	Tseng, Michelle	University of British Columbia
4	Vines, Timothy H.	University of British Columbia
4	del Campo, Javier	University of British Columbia
3	Altshuler, Douglas L.	University of British Columbia
3	Avilés, Leticia	University of British Columbia
3	Brelsford, Alan	University of British Columbia
3	Brodie, Jedediah F.	University of British Columbia
3	Chan, Kai	University of British Columbia
3	Dhillon, Braham	University of British Columbia
3	Farrell, Anthony P.	University of British Columbia
3	Feau, Nicolas	University of British Columbia
3	Ford, Adam T.	University of British Columbia
3	Germain, Ryan R.	University of British Columbia
3	Gerstein, Aleeza C.	University of British Columbia
3	Gibbons, Taylor C.	University of British Columbia
3	Hallam, Steven J.	University of British Columbia
3	Hehenberger, Elisabeth	University of British Columbia
3	Hodges, Karen E.	University of British Columbia
3	Hodgins, Kathryn A.	University of British Columbia
3	Jankowski, Jill E.	University of British Columbia
3	Jeanniard-du-Dot, Tiphaine	University of British Columbia
3	Klironomos, John	University of British Columbia
3	Klápště, Jaroslav	University of British Columbia
3	Krebs, Charles	University of British Columbia
3	Krebs, Charles J.	University of British Columbia
3	Loughnan, Deirdre	University of British Columbia
3	Mandic, Milica	University of British Columbia
3	Mansfield, Shawn D.	University of British Columbia
3	McKown, Athena D.	University of British Columbia
3	Metzger, David C. H.	University of British Columbia
3	Milsom, William K.	University of British Columbia
3	Moore, Jean-Sébastien	University of British Columbia
3	Nelson-Flower, Martha J.	University of British Columbia
3	Okamoto, Noriko	University of British Columbia
3	Ostevik, Katherine L.	University of British Columbia
3	Pauly, Daniel	University of British Columbia
3	Porth, Ilga	University of British Columbia
3	Ratcliffe, Blaise	University of British Columbia
3	Regan, Matthew D.	University of British Columbia
3	Reygondeau, Gabriel	University of British Columbia
3	Rhemtulla, Jeanine M.	University of British Columbia
3	Rieseberg, Loren	University of British Columbia
3	Ritland, Carol E.	University of British Columbia
3	Ritland, Kermit	University of British Columbia
3	Scascitelli, Moira	University of British Columbia
3	Simard, Suzanne	University of British Columbia
3	Simard, Suzanne W.	University of British Columbia
3	Suarez-Gonzalez, Adriana	University of British Columbia
3	Thompson, Ken	University of British Columbia
3	Thompson, Ken A.	University of British Columbia
3	Tremlett, Helen	University of British Columbia
2	Adams, Keith L.	University of British Columbia
2	Amundrud, Sarah L.	University of British Columbia
2	Arbuthnott, Devin	University of British Columbia
2	Ardiel, Evan L.	University of British Columbia
2	Bajno, Robert	University of British Columbia
2	Barbour, Matthew A.	University of British Columbia
2	Baute, Gregory J.	University of British Columbia
2	Bernhardt, Joey R.	University of British Columbia
2	Bontrager, Megan	University of British Columbia
2	Brauner, Colin J.	University of British Columbia
2	Burgar, Joanna M.	University of British Columbia
2	Burki, Fabien	University of British Columbia
2	Burton, A. Cole	University of British Columbia
2	Byers, Kaylee A.	University of British Columbia
2	Capron, Arnaud	University of British Columbia
2	Catton, Haley A.	University of British Columbia
2	Chan, Kai M. A.	University of British Columbia
2	Chan, Kai M.A.	University of British Columbia
2	Chen, Zhongqi	University of British Columbia
2	Cisneros-Montemayor, Andrés M.	University of British Columbia
2	Conte, Gina L.	University of British Columbia
2	Cronk, Quentin	University of British Columbia
2	Dalziel, Anne C.	University of British Columbia
2	Davies, T. Jonathan	University of British Columbia
2	Deagle, Bruce E.	University of British Columbia
2	Dempewolf, Hannes	University of British Columbia
2	Draghi, Jeremy	University of British Columbia
2	Durall, Daniel M.	University of British Columbia
2	Dzal, Yvonne A.	University of British Columbia
2	Ebert, Daniel P.	University of British Columbia
2	Echeverri, Alejandra	University of British Columbia
2	Farzaneh, Nima	University of British Columbia
2	FitzJohn, Richard G.	University of British Columbia
2	Franklin, Michelle T.	University of British Columbia
2	Germain, Rachel	University of British Columbia
2	Germain, Rachel M.	University of British Columbia
2	Gonçalves da Silva, Anders	University of British Columbia
2	Harrower, William L.	University of British Columbia
2	Healy, Timothy M.	University of British Columbia
2	Ingram, Travis	University of British Columbia
2	Irwin, Jessica H.	University of British Columbia
2	Kenney, Alice	University of British Columbia
2	Kenyon, Haley L.	University of British Columbia
2	Kleynhans, Elizabeth J.	University of British Columbia
2	Klironomos, John N.	University of British Columbia
2	Kolisko, Martin	University of British Columbia
2	Lalonde, Robert G.	University of British Columbia
2	Leduc-Robert, Geneviève	University of British Columbia
2	Legault, Geoffrey	University of British Columbia
2	MacDonald, A. Andrew M.	University of British Columbia
2	Maddison, Wayne	University of British Columbia
2	Massoumi Alamouti, Sepideh	University of British Columbia
2	Mazel, Florent	University of British Columbia
2	McIntire, Eliot J. B.	University of British Columbia
2	Miller, Sara E.	University of British Columbia
2	Miscampbell, Allyson E.	University of British Columbia
2	Nietlisbach, Pirmin	University of British Columbia
2	Nurkowski, Kristin A.	University of British Columbia
2	Ono, Jasmine	University of British Columbia
2	Pennell, Matthew	University of British Columbia
2	Pennell, Matthew W.	University of British Columbia
2	Percy, Diana M.	University of British Columbia
2	Pither, Jason	University of British Columbia
2	Rankin, Catharine H.	University of British Columbia
2	Renaut, Sebastien	University of British Columbia
2	Rodriguez-Cabal, Mariano A.	University of British Columbia
2	Satterfield, Terre	University of British Columbia
2	Scholer, Micah	University of British Columbia
2	Schuster, Richard	University of British Columbia
2	Schwartz, Naomi	University of British Columbia
2	Scott, Michael F.	University of British Columbia
2	Segre, Paolo S.	University of British Columbia
2	Shurin, Jonathan B.	University of British Columbia
2	Singh, Gerald G.	University of British Columbia
2	Sjodin, Bryson	University of British Columbia
2	Southcott, Laura	University of British Columbia
2	Sunday, Jennifer M.	University of British Columbia
2	Thompson, Patrick L.	University of British Columbia
2	Toews, David P.L.	University of British Columbia
2	Tsui, Clement K. M.	University of British Columbia
2	Turner, Kathryn G.	University of British Columbia
2	Vellend, Mark	University of British Columbia
2	Whitlock, Michael	University of British Columbia
2	Whitton, Jeannette	University of British Columbia
2	Wong, Barbara	University of British Columbia
2	Zhan, Shing H.	University of British Columbia
2	Zhan, Shing Hei	University of British Columbia
2	de Zwaan, Devin R.	University of British Columbia
1	Acheson, Emily Sohanna	University of British Columbia
1	Addo-Danso, Shalom D.	University of British Columbia
1	Al-Abdulrazzak, Dalal	University of British Columbia
1	Amundrud, Sarah	University of British Columbia
1	Amundrud, Sarah Louise	University of British Columbia
1	Andison, David W.	University of British Columbia
1	Andrew, Rose	University of British Columbia
1	Andrew, Rose L	University of British Columbia
1	Angert, Amy	University of British Columbia
1	Anstett, Daniel N.	University of British Columbia
1	Anttila, Katja	University of British Columbia
1	Appleton, Robyn D.	University of British Columbia
1	Arnegard, Matthew E.	University of British Columbia
1	Arnould, John P. Y.	University of British Columbia
1	Askelson, Kenneth K.	University of British Columbia
1	Atwood, Trisha B.	University of British Columbia
1	Baier, Florian	University of British Columbia
1	Baillie, Lyndsey	University of British Columbia
1	Baldwin, Susan A.	University of British Columbia
1	Barbic, David	University of British Columbia
1	Barrett, Spencer C. H.	University of British Columbia
1	Baute, Greg J.	University of British Columbia
1	Bazzicalupo, Anna L.	University of British Columbia
1	Bedford, Nicole L.	University of British Columbia
1	Beiler, Kevin J.	University of British Columbia
1	Bell, Graeme D. M.	University of British Columbia
1	Bennett, Jonathan A.	University of British Columbia
1	Berbee, Mary L.	University of British Columbia
1	Berman, Ethan E.	University of British Columbia
1	Best, Jacob	University of British Columbia
1	Bhatia, Maya P.	University of British Columbia
1	Birol, Inanc	Genome Sciences Centre, British Columbia Cancer Agency, 100‐570 West 7th Ave, Vancouver, BC V5Z 4S6, Canada
1	Bittman, Jesse	University of British Columbia
1	Bjorkman, Anne	University of British Columbia
1	Bjorkman, Anne D.	The Biodiversity Research Centre, Vancouver, British Columbia, Canada V6T 1Z4
1	Bjorkman, Anne D.	University of British Columbia
1	Black, Scott	University of British Columbia
1	Blackburn, Gwylim S.	University of British Columbia
1	Bodner, Melissa	University of British Columbia
1	Boehm, Mannfred	University of British Columbia
1	Bohlmann, Joerg	University of British Columbia
1	Bohlmann, Jörg	University of British Columbia
1	Boivenue, Celine	University of British Columbia
1	Booker, Tom	University of British Columbia
1	Boone, Celia K.	University of Northern British Columbia
1	Bostrom, Brian L.	University of British Columbia
1	Bourbonnais, Mathieu	University of British Columbia
1	Boyle, W. Alice	University of British Columbia
1	Branton, Margaret A.	University of British Columbia
1	Brar, Simren	University of British Columbia
1	Brink, Kirstin S.	University of British Columbia
1	Bryant, Heather J.	University of British Columbia
1	Burge, Dylan O.	University of British Columbia
1	Burton, Cole	University of British Columbia
1	Byers, Kaylee	University of British Columbia
1	Caccone, Aldalgisa	University of British Columbia
1	Camfield, Alaine F.	University of British Columbia
1	Campbell, Kirsten	University of British Columbia
1	Campbell, Marcus L.	University of British Columbia
1	Campo, Javier	University of British Columbia
1	Cang, F. Alice	University of British Columbia
1	Capelle, David	University of British Columbia
1	Carrillo, Juli	University of British Columbia
1	Carroll, Allan L.	University of British Columbia
1	Caseys, Celine	University of British Columbia
1	Cashion, Madeline	University of British Columbia
1	Casselman, Matthew T.	University of British Columbia
1	Cezard, Timothee	Genome Sciences Centre, British Columbia Cancer Agency, 100‐570 West 7th Ave, Vancouver, BC V5Z 4S6, Canada
1	Chan, Denessa	University of British Columbia
1	Chara-Serna, Ana M.	University of British Columbia
1	Chen, Han Y.H.	University of British Columbia
1	Chen, Wenjia	University of British Columbia
1	Chen, Yukon	University of British Columbia
1	Cheung, William	University of British Columbia
1	Cheung, William Wai Lung	University of British Columbia
1	Chila, Alexander E.	University of British Columbia
1	Christie, Camille	University of British Columbia
1	Chung, Danielle	University of British Columbia
1	Cisneros Montemayor, Andres M.	University of British Columbia
1	Cleathero, Lesley A	University of British Columbia
1	Close, David A.	University of British Columbia
1	Cooke, Janice E.K.	University of British Columbia
1	Coops, Nicholas C.	University of British Columbia
1	Costa, João H. C.	University of British Columbia
1	Cronk, Quentin C	University of British Columbia
1	Cronk, Quentin C B	University of British Columbia
1	Cronk, Quentin C.	University of British Columbia
1	Crutsinger, Gregory	University of British Columbia
1	Csergő, Anna Mária	University of British Columbia
1	Dagenais, Danielle	University of Northern British Columbia
1	Dakin, Roslyn	University of British Columbia
1	Dale, Angela L.	University of British Columbia
1	Dalla Riva, Giulio Valentino	University of British Columbia
1	Daros, Rolnei R.	University of British Columbia
1	De La Torre, Amanda	University of British Columbia
1	De La Torre, Amanda R.	University of British Columbia
1	Deyholos, Michael	University of British Columbia
1	Deyholos, Michael K.	University of British Columbia
1	DiGiacomo, Alessandra	University of British Columbia
1	Dick, Stefan	University of British Columbia
1	Dick, Stefan J.	University of British Columbia
1	Dlugosch, Katrina M.	University of British Columbia
1	Doebeli, Michael	University of British Columbia
1	Douglas, Carl J	University of British Columbia
1	Doyle, Frank I.	Wildlife Dynamics Consulting Terrace British Columbia Canada
1	Draghi, Jeremy A.	University of British Columbia
1	Drake, Anna	University of British Columbia
1	Dubin, Matthew E.	University of British Columbia
1	Duncan, Sophie S.	University of British Columbia
1	Dzal, Yvonne	University of British Columbia
1	Edwards, Danielle L.	University of British Columbia
1	Edworthy, Amanda	University of British Columbia
1	El-Dien, Omnia Gamal	University of British Columbia
1	El-Kassaby, Yousry	University of British Columbia
1	El-Sabaawi, Rana	University of British Columbia
1	Engels, Johannes M. M.	University of British Columbia
1	Ensing, David	University of British Columbia
1	Espinasse, Boris	University of British Columbia
1	Evans, Samuel C.	University of British Columbia
1	Fairley, Diane K.	University of British Columbia
1	Farfan, Lina	University of British Columbia
1	Farrell, Nicole	University of British Columbia
1	FitzGerald, J. Mark	University of British Columbia
1	FitzJohn, Richard Gareth	University of British Columbia
1	Fograscher, Katrina	University of British Columbia
1	Ford, Adam	University of British Columbia
1	Ford, Brett M	University of British Columbia
1	Forsythe, Jennifer	University of British Columbia
1	Frazer, Karen K	University of British Columbia
1	Frazer, Karen K.	University of British Columbia
1	Freeman, Ben	University of British Columbia
1	Freeman, Benjamin	University of British Columbia
1	Freeman, Benjamin G.	University of British Columbia
1	Friedman, Cynthia Ross	University of British Columbia
1	Friedmann, Michael	University of British Columbia
1	Friedmann, Michael C.	University of British Columbia
1	Froese, Graden	University of British Columbia
1	Fujita, Miki	University of British Columbia
1	Gale, Marika Kirstin	University of British Columbia
1	Gamal El-Dien, Omnia	University of British Columbia
1	Gawryluk, Ryan M. R.	University of British Columbia
1	Gehman, Alyssa-Lois	University of British Columbia
1	Geraldes, Armando J. M.	University of British Columbia
1	Gergel, Sarah E.	University of British Columbia
1	Gerlinsky, Carling	University of British Columbia
1	Germain, Hugo	University of British Columbia
1	Gerstein, Aleeza C	University of British Columbia
1	Gervais, Matthew M.	University of British Columbia
1	Gies, Esther A.	University of British Columbia
1	Gilbert, Kimberly Julie	University of British Columbia
1	Gill, Ivan	University of British Columbia
1	Gill, Ivan S.	University of British Columbia
1	Giordano, Anthony J.	University of British Columbia
1	Goller, Benjamin	University of British Columbia
1	Gomez, Crisostomo R.	University of British Columbia
1	Gonzalez-Espinosa, Pedro C.	University of British Columbia
1	González Torres, Luis Roberto	University of British Columbia
1	González, Angélica L.	University of British Columbia
1	Good, Sara V.	University of British Columbia
1	Gooliaff, TJ	University of British Columbia
1	Govindarajulu, Purnima	Government of British Columbia
1	Gow, Elizabeth A.	University of British Columbia
1	Gow, Jennifer L.	University of British Columbia
1	Grassa, Chris	University of British Columbia
1	Grassa, Christopher	University of British Columbia
1	Green, Beverley R.	University of British Columbia
1	Greenwood, Jennifer L.	University of British Columbia
1	Gregr, Edward J.	University of British Columbia
1	Grossen, Christine	University of British Columbia
1	Guggisberg, Alessia	University of British Columbia
1	Guimaraes, Alice	University of British Columbia
1	Guiry, Eric	University of British Columbia
1	Gurr, David B.	University of British Columbia
1	Haggarty, Dana R.	University of British Columbia
1	Hahn, Min A.	University of British Columbia
1	Haman, Katherine H.	University of British Columbia
1	Hamelin, Richard	University of British Columbia
1	Hamilton, Jill A.	University of British Columbia
1	Harley, Christopher	University of British Columbia
1	Harsch, Corie H.	University of British Columbia
1	Hart, Edmund	University of British Columbia
1	Hart, Edmund M.	University of British Columbia
1	Hart, Miranda	University of British Columbia
1	Hart, Miranda M.	University of British Columbia
1	Hatfield, Todd	University of British Columbia
1	Hausch, Stephen	University of British Columbia
1	Hawley, Alyse K.	University of British Columbia
1	Heath, John W.	Yellow Island Aquaculture Limited, Heriot Bay, British Columbia, Canada
1	Heckman, Nancy	University of British Columbia
1	Hefer, Charles	University of British Columbia
1	Helmy, Olga E.	University of British Columbia
1	Henrich, Joseph	University of British Columbia
1	Henriques, Gil	University of British Columbia
1	Henry, Gregory H. R.	University of British Columbia
1	Henry, P.	University of British Columbia
1	Himsworth, Chelsea	University of British Columbia
1	Himsworth, Chelsea G.	University of British Columbia
1	Hinch, Scott G.	University of British Columbia
1	Hodgson, Emma E.	University of British Columbia
1	Hoffman, Catherine R.	University of British Columbia
1	Hogg, James C.	University of British Columbia
1	Hoorfar, Mina	University of British Columbia
1	Huang, Kaichi	University of British Columbia
1	Hübner, Sariel	University of British Columbia
1	Imlach, Brittany	University of British Columbia
1	Iritani, Davis	University of British Columbia
1	Irwin, D. E.	University of British Columbia
1	Irwin, Darren	University of British Columbia
1	Irwin, Darren E	University of British Columbia
1	Irwin, Darren, E.	University of British Columbia
1	Irwin, Nicholas A. T.	University of British Columbia
1	Jackson, Michelle M.	University of British Columbia
1	Jankowski, Jill	University of British Columbia
1	Janouškovec, Jan	University of British Columbia
1	Jarman, Simon N.	University of British Columbia
1	Jeanniard Dudot, Tiphaine	University of British Columbia
1	Jeffries, Ken M.	University of British Columbia
1	Jones, Melanie D.	University of British Columbia
1	Jones, Miranda C.	University of British Columbia
1	Jones, Steven J M	Genome Sciences Centre, British Columbia Cancer Agency, 100‐570 West 7th Ave, Vancouver, BC V5Z 4S6, Canada
1	Jones, T. Todd	University of British Columbia
1	Kandlikar, Milind	University of British Columbia
1	Kane, Nolan	University of British Columbia
1	Kane, Nolan K.	University of British Columbia
1	Kantar, Michael B.	University of British Columbia
1	Kaplan, Maia	University of British Columbia
1	Karnkowska, Anna	University of British Columbia
1	Kaur, Katrina M.	University of British Columbia
1	Kawchuk, Jamie	University of British Columbia
1	Kay, Sharon	University of British Columbia
1	Kearney, Sean P.	University of British Columbia
1	Kelley, J. Patrick	University of British Columbia
1	Khalfallah, Myriam	University of British Columbia
1	Kharouba, Heather M.	University of British Columbia
1	Kheirandish, Sam	University of British Columbia
1	King, Matthew G.	University of British Columbia
1	Kirk, Stephanie L	University of British Columbia
1	Klápste, Jaroslav	University of British Columbia
1	Koch, Alexander	University of British Columbia
1	Kolosova, Natalia	University of British Columbia
1	Kopp, Christopher W.	University of British Columbia
1	Kraft, Nathan J. B.	University of British Columbia
1	Krassioukov, Andrei V.	University of British Columbia
1	Kratina, Pavel	University of British Columbia
1	Kuzmin, Anastasia	University of British Columbia
1	Labonté, Jessica M.	University of British Columbia
1	Lalonde, Danielle	University of British Columbia
1	Lam, Tania	University of British Columbia
1	Lam, Vicky	University of British Columbia
1	Lam, Vicky W. Y.	University of British Columbia
1	Lam, Vivienne K. Y.	University of British Columbia
1	LeCraw, Robin M.	University of British Columbia
1	LeMay, Valerie	University of British Columbia
1	Lee, Kirsten C. Y.	University of British Columbia
1	Lee, Kirsten C.Y.	University of British Columbia
1	Lee-Yaw, J. A.	University of British Columbia
1	Lee-Yaw, Julie A.	University of British Columbia
1	Leipsic, Jonathon A.	University of British Columbia
1	Lemay, Matthew A.	University of British Columbia
1	Lenkic, Peter J.	University of British Columbia
1	Lerner, Jackie	University of British Columbia
1	Li, Eryang	University of British Columbia
1	Li, Peixian	University of British Columbia
1	Li, Qiang	University of British Columbia
1	Li, Qin	University of British Columbia
1	Licandeo, Roberto	University of British Columbia
1	Lo, Dara S.	University of British Columbia
1	Lotto, Andrew G.	University of British Columbia
1	Luka, George S.	University of British Columbia
1	Luo, Yong	University of British Columbia
1	Lynd, Larry D.	University of British Columbia
1	MacDonald, Andrew M.	University of British Columbia
1	MacDonald, Elizabeth C.	University of British Columbia
1	MacLachlan, Ian R.	University of British Columbia
1	MacLeod, Colin	University of British Columbia
1	MacLeod, Colin D.	University of British Columbia
1	MacPherson, Ailene	University of British Columbia
1	Machac, Antonin	University of British Columbia
1	Magnuson-Ford, Karen	University of British Columbia
1	Makowska, I. Joanna	University of British Columbia
1	Man, S. F. Paul	University of British Columbia
1	Mansfied, Shawn D.	University of British Columbia
1	Markel, Russell W.	University of British Columbia
1	Marques, Isabel	University of British Columbia
1	Marr, Amy B.	University of British Columbia
1	Marshall, Peter L.	University of British Columbia
1	Martinez-Nuñez, Felix	University of British Columbia
1	Martone, Patrick	University of British Columbia
1	Matthews, Blake	University of British Columbia
1	Matthey-Doret, Remi	University of British Columbia
1	Maxwell, Sheri A.	University of British Columbia
1	Mayrose, Itay	University of British Columbia
1	McCann, Shaugnessy R.	University of British Columbia
1	McDiarmid, Troy A.	University of British Columbia
1	McEwan, Andrea H.	University of British Columbia
1	McIntire, Eliot J.B.	University of British Columbia
1	McKenzie, Michael	British Columbia Cancer Agency, Vancouver Cancer Centre
1	McLeod, Kylie A.	University of British Columbia
1	Mckown, Athena	University of British Columbia
1	Mckown, Athena D.	University of British Columbia
1	Melnychuk, Michael C.	University of British Columbia
1	Metcalf, Daniel	University of British Columbia
1	Metzger, David C.H.	University of British Columbia
1	Michaletz, Sean	University of British Columbia
1	Michelmore, Richard W.	University of British Columbia
1	Mikkelsen, Jon	University of British Columbia
1	Milsom, William	University of British Columbia
1	Mitchell, Matthew G. E.	University of British Columbia
1	Miton, Charlotte M.	University of British Columbia
1	Moerman, Donald G.	University of British Columbia
1	Monnet, Gauthier	University of British Columbia
1	Montgomery, Graham A.	University of British Columbia
1	Moore, Richard	Genome Sciences Centre, British Columbia Cancer Agency, 100‐570 West 7th Ave, Vancouver, BC V5Z 4S6, Canada
1	Mowat, Garth	University of British Columbia
1	Moyers, Brook	University of British Columbia
1	Mueller, Andreas	University of British Columbia
1	Muthukrishna, Michael	University of British Columbia
1	Myers, Judith H.	University of British Columbia
1	Nadeau, Simon	University of British Columbia
1	Najjaran, Homayoun	University of British Columbia
1	Naman, Sean M.	University of British Columbia
1	Neave, Heather W.	University of British Columbia
1	Ngai, Jacqueline T.	University of British Columbia
1	Nightingale, Tom E.	University of British Columbia
1	Nikelski, Ellen	University of British Columbia
1	Norris, Andrea R.	University of British Columbia
1	Nosil, Patrik	University of British Columbia
1	Nowak, Ephriam	University of British Columbia
1	O'Connor, Mary	University of British Columbia
1	Oh, Yeni	University of British Columbia
1	Ojeda Alayon, Dario I.	University of British Columbia
1	Ostafichuk, Peter	University of British Columbia
1	Ostevik, Katherine	University of British Columbia
1	Otto, Sally P.	University of British Columbia
1	Otto, Sarah Perin	University of British Columbia
1	Ou, Michelle	University of British Columbia
1	Owens, Gregory	University of British Columbia
1	Pakhomova, Larysa	University of British Columbia
1	Palacios-Abrantes, Juliano	University of British Columbia
1	Palomares, Maria L. Deng	University of British Columbia
1	Pamenter, Matthew E.	University of British Columbia
1	Pang, Johnson	Genome Sciences Centre, British Columbia Cancer Agency, 100‐570 West 7th Ave, Vancouver, BC V5Z 4S6, Canada
1	Pari, Sina Soleimani	University of British Columbia
1	Patrick, David	University of British Columbia
1	Payne, Chris	University of British Columbia
1	Pelech, Steven L.	University of British Columbia
1	Penner, Jeremy	University of British Columbia
1	Perkins, Jaryn D.	University of British Columbia
1	Peterson St-Laurent, Guillaume	University of British Columbia
1	Piascik, Edyta K.	University of British Columbia
1	Pokorny, Stanley	University of British Columbia
1	Porter, Alison N.	University of British Columbia
1	Porto, Paula	University of British Columbia
1	Prescott, Cindy E.	University of British Columbia
1	Promislow, Daniel E.L.	University of British Columbia
1	Puterman, Martin L.	University of British Columbia
1	Qi, Guang	University of British Columbia
1	Ranieri, Bernardo	University of British Columbia
1	Ransome, Douglas B.	British Columbia Institute of Technology
1	Read, Tyson J. G.	University of British Columbia
1	Richardson, Michael J.	University of British Columbia
1	Rieseberg, Loren Henry	University of British Columbia
1	Roa, Jinae N.	University of British Columbia
1	Robinson, Carole	University of British Columbia
1	Rodriguez-Cabal, Mariano	University of British Columbia
1	Roesti, Marius	University of British Columbia
1	Rogy, Pierre	University of British Columbia
1	Rolland, Jonathan	University of British Columbia
1	Rothe, K.	University of British Columbia
1	Rothfels, Carl J.	University of British Columbia
1	Rousseau, Roxanne	University of British Columbia
1	Rowe, Heather C.	University of British Columbia
1	Rudman, Seth	University of British Columbia
1	Rummer, Jodie L.	University of British Columbia
1	Ruskey, Jennifer A.	University of British Columbia
1	Russello, M. A.	University of British Columbia
1	Russello, Michael A	University of British Columbia
1	Sachdeva, Rahul	University of British Columbia
1	Sadatsafavi, Mohsen	University of British Columbia
1	Safaei, Javad	University of British Columbia
1	Samuk, Kieran	University of British Columbia
1	Samuk, Kieran M.	University of British Columbia
1	Sandell, Linnéa	University of British Columbia
1	Santoro, Alyson E.	University of British Columbia
1	Sarai, Karnjit	University of British Columbia
1	Sargent, Risa	University of British Columbia
1	Saxer, Gerda	University of British Columbia
1	Schmidt, Danielle	University of British Columbia
1	Scholer, Micah N.	University of British Columbia
1	Schulte, Patricia Marita	University of British Columbia
1	Scofield, Melanie	University of British Columbia
1	Sears, Christopher J.	University of British Columbia
1	Seneviratne, Sampath S.	University of British Columbia
1	Seow, Allison	University of British Columbia
1	Shadwick, Robert E.	University of British Columbia
1	Sharp, Nathaniel P.	University of British Columbia
1	Sheppard, Julie	University of British Columbia
1	Shevchuk, Olena	University of British Columbia
1	Shulman, Ben W.	University of British Columbia
1	Sin, Don D.	University of British Columbia
1	Skaien, Cora L.	University of British Columbia
1	Skyba, Oleksandr	University of British Columbia
1	Slavov, Gancho T.	University of British Columbia
1	Smets, Pia	University of British Columbia
1	Solman, Grayden J. F.	University of British Columbia
1	Soolanayakanahally, Raju Y.	University of British Columbia
1	Soto Gomez, Marybel	University of British Columbia
1	Srivastava, Diane	University of British Columbia
1	Srivastava, Diane Sheila	University of British Columbia
1	Stanton, Brian	University of British Columbia
1	Stark, Keila	University of British Columbia
1	Steiner, Nadja	University of British Columbia
1	Stevenson, Dennis W.	University of British Columbia
1	Stier, Adrian	University of British Columbia
1	Still, David W.	University of British Columbia
1	Strassert, Jurgen F. H.	University of British Columbia
1	Strassert, Jürgen F. H.	University of British Columbia
1	Strassert, Jürgen F.H.	University of British Columbia
1	Straus, Samantha	University of British Columbia
1	Strimas-Mackey, Matthew	University of British Columbia
1	Sumaila, Ussif Rashid	University of British Columbia
1	Sunday, Jennifer	University of British Columbia
1	Suttle, Curtis A.	University of British Columbia
1	Svanbäck, Richard	University of British Columbia
1	Sveinsson, Saemundur	University of British Columbia
1	Sze, Marc A.	University of British Columbia
1	Tack, David C.	University of British Columbia
1	Tam, Angela	Genome Sciences Centre, British Columbia Cancer Agency, 100‐570 West 7th Ave, Vancouver, BC V5Z 4S6, Canada
1	Tamkee, Patrick	University of British Columbia
1	Tan, Wan C.	University of British Columbia
1	Tattersall, Erin R.	University of British Columbia
1	Taylor, Jon	University of British Columbia
1	Teh, Louise	University of British Columbia
1	Teh, Lydia C. L.	University of British Columbia
1	Tezcan, Emre	University of British Columbia
1	Thiessen, Nina	Genome Sciences Centre, British Columbia Cancer Agency, 100‐570 West 7th Ave, Vancouver, BC V5Z 4S6, Canada
1	Thistlethwaite, Frances R.	University of British Columbia
1	Thompson, Allison	University of British Columbia
1	Tikhonenkov, Denis V.	University of British Columbia
1	Timbers, Tiffany A.	University of British Columbia
1	Toews, D. P. L.	University of British Columbia
1	Tokuriki, Nobuhiko	University of British Columbia
1	Tomscha, Stephanie A.	University of British Columbia
1	Toor, Anmol	University of British Columbia
1	Toor, Harpawantaj S.	University of British Columbia
1	Torres Beltran, Monica	University of British Columbia
1	Tortell, Philippe D.	University of British Columbia
1	Traboulsee, Anthony	University of British Columbia
1	Tsui, Clement Kin Ming	University of British Columbia
1	Tsui, Clement Kin-Ming	University of British Columbia
1	Tsuruta, Masashi	University of British Columbia
1	Turkington, Roy	University of British Columbia
1	Varao-Sousa, Trish L.	University of British Columbia
1	Vasilescu, Vlad	University of British Columbia
1	Veale, Andrew J.	University of British Columbia
1	Videla, Martin	University of British Columbia
1	Wabnitz, Colette C. C.	University of British Columbia
1	Walker, Xanthe J.	University of British Columbia
1	Walter, Matthias	University of British Columbia
1	Wang, Shucai	University of British Columbia
1	Wang, Silu	University of British Columbia
1	Wang, Tongli	University of British Columbia
1	Wang, Yi	University of British Columbia
1	Wasteneys, Geoffrey O.	University of British Columbia
1	Waterhouse, Matthew D.	University of British Columbia
1	Weary, D. M.	University of British Columbia
1	Weary, Daniel M.	University of British Columbia
1	Wei, Xiaohua	University of British Columbia
1	Weir, Jason T.	University of British Columbia
1	Williams, Alison M. M.	University of British Columbia
1	Wilson, Scott	University of British Columbia
1	Winker, Kevin	University of British Columbia
1	Winstanley, Catharine	University of British Columbia
1	Wolkovich, Elizabeth	University of British Columbia
1	Wolkovich, Elizabeth M.	University of British Columbia
1	Wong, Devina	University of British Columbia
1	Wong, Vanessa K.	University of British Columbia
1	Worden, Alexandra Z.	University of British Columbia
1	Wu, David W.-L.	University of British Columbia
1	Xue, Jan	University of British Columbia
1	Yang, Gloria	University of British Columbia
1	Yang, Shun-Wei Julia	University of British Columbia
1	Yang, Zhi-Jian	University of British Columbia
1	Yao, Christine H.	University of British Columbia
1	Yau, Monica	University of British Columbia
1	Yoder, Jeremy B.	University of British Columbia
1	Yue, Sam	University of British Columbia
1	Yunda-Guarin, Gustavo	University of British Columbia
1	Zeller, Dirk	University of British Columbia
1	Zhai, Yongliang	University of British Columbia
1	Zhan, Shing	University of British Columbia
1	Zhang, Jun-Xia	University of British Columbia
1	Zhang, Junxia	University of British Columbia
1	Zhang, Yiyuan	University of British Columbia
1	Zhao, Jiaying	University of British Columbia
1	Zhao, Yongjun	Genome Sciences Centre, British Columbia Cancer Agency, 100‐570 West 7th Ave, Vancouver, BC V5Z 4S6, Canada
1	Zlatogursky, Vasily	University of British Columbia
1	Zordan, Victor B.	University of British Columbia
1	von Keyserlingk, Marina A. G.	University of British Columbia
